{
  "q_table": {
    "improving": {
      "maintain": 0.05488135039273248,
      "decrease": 1.976140517039732,
      "increase": 0.06027633760716439
    },
    "worsening": {
      "maintain": 0.05448831829968969,
      "decrease": 0.042365479933890476,
      "increase": 0.06458941130666561
    },
    "plateau": {
      "maintain": 0.04375872112626925,
      "decrease": 0.08917730007820798,
      "increase": 0.24041336419343862
    },
    "oscillating": {
      "maintain": 0.4139093045481034,
      "decrease": -0.014845491276809501,
      "increase": 0.17889936155377145
    },
    "mixed": {
      "maintain": 0.3764824950416485,
      "decrease": 2.094548149019256,
      "increase": 0.007103605819788694
    },
    "insufficient_data": {
      "maintain": 0.008712929970154071,
      "decrease": 0.002021839744032572,
      "increase": 0.6389964843973867
    }
  },
  "epoch": 50,
  "exploration_rate": 0.05,
  "timestamp": "2025-03-01T18:46:38.496583"
}