{
  "q_table": {
    "improving": {
      "maintain": 0.05488135039273248,
      "decrease": 1.1341954374827632,
      "increase": 0.06027633760716439
    },
    "worsening": {
      "maintain": 0.05448831829968969,
      "decrease": 0.042365479933890476,
      "increase": 0.06458941130666561
    },
    "plateau": {
      "maintain": 0.04375872112626925,
      "decrease": 0.08917730007820798,
      "increase": 0.09636627605010294
    },
    "oscillating": {
      "maintain": 0.41192283985723316,
      "decrease": 2.0091959061235714,
      "increase": 0.8236251931460403
    },
    "mixed": {
      "maintain": 0.056804456109393234,
      "decrease": 0.09255966382926611,
      "increase": 0.007103605819788694
    },
    "insufficient_data": {
      "maintain": 0.008712929970154071,
      "decrease": 0.002021839744032572,
      "increase": 1.6280447808690064
    }
  },
  "epoch": 30,
  "exploration_rate": 0.08802533373035308,
  "timestamp": "2025-03-01T18:31:06.738324"
}