{
  "q_table": {
    "improving": {
      "maintain": 0.05488135039273248,
      "decrease": 1.6006697672602157,
      "increase": 0.577497756441787
    },
    "worsening": {
      "maintain": 0.05448831829968969,
      "decrease": 0.042365479933890476,
      "increase": 0.06458941130666561
    },
    "plateau": {
      "maintain": 0.04375872112626925,
      "decrease": 0.08917730007820798,
      "increase": 0.09636627605010294
    },
    "oscillating": {
      "maintain": 1.8244330623723095,
      "decrease": 0.3900538999310401,
      "increase": 0.05288949197529045
    },
    "mixed": {
      "maintain": 0.056804456109393234,
      "decrease": 0.09255966382926611,
      "increase": 0.007103605819788694
    },
    "insufficient_data": {
      "maintain": 0.008712929970154071,
      "decrease": 0.002021839744032572,
      "increase": 1.063510080636473
    }
  },
  "epoch": 20,
  "exploration_rate": 0.09265824603195061,
  "timestamp": "2025-03-01T19:32:01.671757"
}