{
  "q_table": {
    "improving": {
      "maintain": 0.05488135039273248,
      "decrease": 0.07151893663724194,
      "increase": 0.06027633760716439
    },
    "worsening": {
      "maintain": 0.05448831829968969,
      "decrease": 0.042365479933890476,
      "increase": 0.06458941130666561
    },
    "plateau": {
      "maintain": 0.04375872112626925,
      "decrease": 0.08917730007820798,
      "increase": 0.09636627605010294
    },
    "oscillating": {
      "maintain": 0.038344151882577775,
      "decrease": 0.07917250380826646,
      "increase": 0.05288949197529045
    },
    "mixed": {
      "maintain": 0.06333153388564064,
      "decrease": -0.16666118449995804,
      "increase": 0.007103605819788694
    },
    "insufficient_data": {
      "maintain": 0.008712929970154071,
      "decrease": 0.002021839744032572,
      "increase": 0.25538587398023327
    }
  },
  "epoch": 20,
  "exploration_rate": 0.13268408625781244,
  "timestamp": "2025-03-01T17:35:31.599376"
}