epoch,train_loss,val_loss,dice_score,auroc,auprc,ppv,nne,learning_rate,batch_size,train_samples,val_samples,optimizer_type,loss_function,augmentations,model_architecture,dropout_rate,weight_decay,num_epochs,patch_size,gradient_clipping,agent_action,agent_reward
1,1.7751221865415574,1.6026549696922303,0.3559275269508362,0.9636947032595972,0.6073476730946559,0.21643718329735387,4.620278201579358,0.002,4,160,40,Adam,DiceCE,Flipping,UNet,0.0,1e-05,30,64,1.0,increase,0
2,1.5010303646326064,1.3732640445232391,0.6914481728610616,0.9885926170348064,0.762271614367388,0.5299633587301923,1.8869229042476243,0.002,4,160,40,Adam,DiceCE,Flipping,UNet,0.0,1e-05,30,64,1.0,increase,6.471512481241039
3,1.139093279838562,0.7621308237314224,0.8991527813207081,0.9961675008951895,0.907872978647779,0.8190301473735706,1.2209562776251344,0.002,4,160,40,Adam,DiceCE,Flipping,UNet,0.0,1e-05,30,64,1.0,decrease,9.6498552502164
4,0.43988668322563174,0.2347510948777199,0.9606507637325615,0.9917655836651159,0.9613754321848116,0.9376440581900624,1.0665027856416043,0.002,4,160,40,Adam,DiceCE,Flipping,UNet,0.0,1e-05,30,64,1.0,decrease,8.081287200596293
5,0.1737022677436471,0.14824946783483028,0.9597088927319228,0.9954578417477894,0.9608244940736956,0.929102883257784,1.0763070678390578,0.002,4,160,40,Adam,DiceCE,Flipping,UNet,0.0,1e-05,30,64,1.0,decrease,3.360306915425703
