epoch,state,action,reason,old_lr,new_lr,reward,q_value,exploration_rate,dice_score,val_loss
1,insufficient_data,increase,rl_policy_increase,0.001,0.0012,0,0.0832619845547938,0.2,0,1.4347384572029114
2,insufficient_data,maintain,in_cooldown_1,0.0012,0.0012,7.933890253305435,0.008712929970154071,0.19,0,0.6913494318723679
3,mixed,maintain,in_cooldown_0,0.0012,0.0012,4.212734714150429,0.056804456109393234,0.19,0,0.320075960457325
4,mixed,decrease,rl_policy_decrease,0.0012,0.0006,1.732780158519745,0.09255966382926611,0.19,0,0.1967979446053505
5,mixed,maintain,in_cooldown_1,0.0006,0.0006,1.030259370803833,0.056804456109393234,0.1805,0,0.1437720075249672
6,mixed,maintain,in_cooldown_0,0.0006,0.0006,0.6972498297691344,0.056804456109393234,0.1805,0,0.12404702454805375
