epoch,state,action,reason,old_lr,new_lr,reward,q_value,exploration_rate,dice_score,val_loss
1,insufficient_data,increase,rl_policy_increase,0.002,0.0024,0,0.0832619845547938,0.2,0.3559275269508362,1.6026549696922303
2,insufficient_data,maintain,in_cooldown_0,0.0024,0.0024,6.471512481241039,0.008712929970154071,0.19,0.6914481728610616,1.3732640445232391
3,improving,decrease,rl_policy_decrease,0.0024,0.0012,9.6498552502164,0.07151893663724194,0.19,0.8991527813207081,0.7621308237314224
4,improving,maintain,in_cooldown_0,0.0012,0.0012,8.081287200596293,0.05488135039273248,0.1805,0.9606507637325615,0.2347510948777199
5,oscillating,decrease,rl_policy_decrease,0.0012,0.0006,3.360306915425703,0.07917250380826646,0.1805,0.9597088927319228,0.14824946783483028
