epoch,train_loss,val_loss,dice_score,auroc,auprc,ppv,nne,learning_rate,batch_size,train_samples,val_samples,optimizer_type,loss_function,augmentations,model_architecture,dropout_rate,weight_decay,num_epochs,patch_size,gradient_clipping,agent_action,agent_reward
1,1.807011741399765,1.4347384572029114,0.01900739036500454,0.8270550001304605,0.5382867446352977,0.49863005979841807,2.005494815944854,0.001,4,160,40,Adam,DiceCE,All,UNet,0.0,1e-05,30,64,1.0,increase,0
2,1.0363327085971832,0.6913494318723679,0.01900739036500454,0.9976877056300167,0.9247836901546823,0.9216788794177758,1.0849765816828738,0.001,4,160,40,Adam,DiceCE,All,UNet,0.0,1e-05,30,64,1.0,maintain,7.933890253305435
3,0.60612867847085,0.320075960457325,0.01900739036500454,0.999756619623276,0.983784286125722,0.9654535290271843,1.0357826347246621,0.001,4,160,40,Adam,DiceCE,All,UNet,0.0,1e-05,30,64,1.0,maintain,4.212734714150429
4,0.4103819005191326,0.1967979446053505,0.01900739036500454,0.9997806883503756,0.9850464711757322,0.9691184999033443,1.031865556275869,0.001,4,160,40,Adam,DiceCE,All,UNet,0.0,1e-05,30,64,1.0,decrease,1.732780158519745
5,0.3398512344807386,0.1437720075249672,0.01900739036500454,0.9998970768152329,0.9921495654609894,0.9651853112100074,1.0360704710128121,0.001,4,160,40,Adam,DiceCE,All,UNet,0.0,1e-05,30,64,1.0,maintain,1.030259370803833
6,0.3004051007330418,0.12404702454805375,0.01900739036500454,0.9999030684348097,0.992587440432446,0.9773330706371322,1.0231926351863763,0.001,4,160,40,Adam,DiceCE,All,UNet,0.0,1e-05,30,64,1.0,maintain,0.6972498297691344
