{
  "q_table": {
    "improving": {
      "maintain": 0.057866335367673084,
      "decrease": 0.03664489061255022,
      "increase": 0.0999879585731796
    },
    "worsening": {
      "maintain": 0.0020754813511469684,
      "decrease": 0.03278569981681602,
      "increase": 0.062492553248463326
    },
    "plateau": {
      "maintain": 0.038527948786672664,
      "decrease": 0.08651924586826151,
      "increase": 0.004413051149177039
    },
    "oscillating": {
      "maintain": 0.0012477007869722834,
      "decrease": 0.04736072901582188,
      "increase": 0.0630476609884028
    },
    "mixed": {
      "maintain": 0.07040243733882709,
      "decrease": 0.05137011641850106,
      "increase": 0.07901793196120856
    },
    "insufficient_data": {
      "maintain": 0.06787494423438392,
      "decrease": 0.08015907623221591,
      "increase": 0.08973042847913643
    }
  },
  "epoch": 0,
  "exploration_rate": 0.2,
  "timestamp": "2025-03-01T18:04:01.451777"
}